<?xml version="1.0"?>
<levels>

   <category name="World 1">
      <level file="01-01" name="World 1-1" />
      <level file="01-02" name="World 1-2" />
      <level file="01-03" name="World 1-3" />
      <level file="01-22" name="World 1-Tower" />
      <level file="01-04" name="World 1-4" />
      <level file="01-05" name="World 1-5" />
      <level file="01-06" name="World 1-6" />
      <level file="01-24" name="World 1-Castle" />
      <level file="01-36" name="World 1-Cannon" />
      <level file="01-41" name="Peach's Castle" />
      <level file="01-26" name="Toad House - 1UP Blast" />
      <level file="01-27" name="Toad House - Powerup Panels (1)" />
      <level file="01-29" name="Toad House - Powerup Panels (2)" />
      <level file="01-28" name="Toad House - Star Chest" />
      <level file="01-33" name="Goomba Ambush 1" />
      <level file="01-34" name="Goomba Ambush 2" />
      <level file="01-35" name="Goomba Ambush 3" />
   </category>

   <category name="World 2">
      <level file="02-01" name="World 2-1" />
      <level file="02-02" name="World 2-2" />
      <level file="02-03" name="World 2-3" />
      <level file="02-22" name="World 2-Tower" />
      <level file="02-04" name="World 2-4" />
      <level file="02-05" name="World 2-5" />
      <level file="02-06" name="World 2-6" />
      <level file="02-24" name="World 2-Castle" />
      <level file="02-36" name="World 2-Cannon" />
      <level file="02-26" name="Toad House - 1UP Blast" />
      <level file="02-27" name="Toad House - Powerup Panels" />
      <level file="02-28" name="Toad House - Star Chest" />
      <level file="02-33" name="Sand Trap Ambush 1" />
      <level file="02-34" name="Sand Trap Ambush 2" />
      <level file="02-35" name="Sand Trap Ambush 3" />
   </category>

   <category name="World 3">
      <level file="03-01" name="World 3-1" />
      <level file="03-02" name="World 3-2" />
      <level file="03-03" name="World 3-3" />
      <level file="03-21" name="World 3-Ghost House" />
      <level file="03-22" name="World 3-Tower" />
      <level file="03-04" name="World 3-4" />
      <level file="03-05" name="World 3-5" />
      <level file="03-24" name="World 3-Castle" />
      <level file="03-36" name="World 3-Cannon" />
      <level file="03-26" name="Toad House - 1UP Blast" />
      <level file="03-27" name="Toad House - Powerup Panels (1)" />
      <level file="03-29" name="Toad House - Powerup Panels (2)" />
      <level file="03-28" name="Toad House - Star Chest" />
      <level file="03-33" name="Ice Bros Ambush 1" />
      <level file="03-34" name="Ice Bros Ambush 2" />
      <level file="03-35" name="Ice Bros Ambush 3" />
   </category>

   <category name="World 4">
      <level file="04-01" name="World 4-1" />
      <level file="04-02" name="World 4-2" />
      <level file="04-03" name="World 4-3" />
      <level file="04-22" name="World 4-Tower" />
      <level file="04-04" name="World 4-4" />
      <level file="04-21" name="World 4-Ghost House" />
      <level file="04-05" name="World 4-5" />
      <level file="04-24" name="World 4-Castle" />
      <level file="04-38" name="World 4-Ship" />
      <level file="04-36" name="World 4-Cannon" />
      <level file="04-26" name="Toad House - 1UP Blast" />
      <level file="04-27" name="Toad House - Powerup Panels" />
      <level file="04-28" name="Toad House - Star Chest (1)" />
      <level file="04-29" name="Toad House - Star Chest (2)" />
      <level file="04-33" name="Porcu-puffer Ambush 1" />
      <level file="04-34" name="Porcu-puffer Ambush 2" />
      <level file="04-35" name="Porcu-puffer Ambush 3" />
   </category>

   <category name="World 5">
      <level file="05-01" name="World 5-1" />
      <level file="05-02" name="World 5-2" />
      <level file="05-03" name="World 5-3" />
      <level file="05-22" name="World 5-Tower" />
      <level file="05-04" name="World 5-4" />
      <level file="05-21" name="World 5-Ghost House" />
      <level file="05-05" name="World 5-5" />
      <level file="05-24" name="World 5-Castle" />
      <level file="05-36" name="World 5-Cannon" />
      <level file="05-26" name="Toad House - 1UP Blast" />
      <level file="05-27" name="Toad House - Powerup Panels (1)" />
      <level file="05-29" name="Toad House - Powerup Panels (2)" />
      <level file="05-28" name="Toad House - Star Chest" />
      <level file="05-33" name="Piranha Plant Ambush 1" />
      <level file="05-34" name="Piranha Plant Ambush 2" />
      <level file="05-35" name="Piranha Plant Ambush 3" />
   </category>

   <category name="World 6">
      <level file="06-01" name="World 6-1" />
      <level file="06-02" name="World 6-2" />
      <level file="06-03" name="World 6-3" />
      <level file="06-04" name="World 6-4" />
      <level file="06-22" name="World 6-Tower" />
      <level file="06-05" name="World 6-5" />
      <level file="06-06" name="World 6-6" />
      <level file="06-24" name="World 6-Castle" />
      <level file="06-38" name="World 6-Ship" />
      <level file="06-36" name="World 6-Cannon" />
      <level file="06-26" name="Toad House - 1UP Blast" />
      <level file="06-27" name="Toad House - Powerup Panels" />
      <level file="06-28" name="Toad House - Star Chest" />
      <level file="06-33" name="Bullet Bill Ambush 1" />
      <level file="06-34" name="Bullet Bill Ambush 2" />
      <level file="06-35" name="Bullet Bill Ambush 3" />
   </category>

   <category name="World 7">
      <level file="07-01" name="World 7-1" />
      <level file="07-02" name="World 7-2" />
      <level file="07-03" name="World 7-3" />
      <level file="07-22" name="World 7-Tower" />
      <level file="07-21" name="World 7-Ghost House" />
      <level file="07-04" name="World 7-4" />
      <level file="07-05" name="World 7-5" />
      <level file="07-06" name="World 7-6" />
      <level file="07-24" name="World 7-Castle" />
      <level file="07-26" name="Toad House - 1UP Blast" />
      <level file="07-27" name="Toad House - Powerup Panels" />
      <level file="07-28" name="Toad House - Star Chest (1)" />
      <level file="07-29" name="Toad House - Star Chest (2)" />
      <level file="07-33" name="Lakitu Ambush 1" />
      <level file="07-34" name="Lakitu Ambush 2" />
      <level file="07-35" name="Lakitu Ambush 3" />
   </category>

   <category name="World 8">
      <level file="08-01" name="World 8-1" />
      <level file="08-02" name="World 8-2" />
      <level file="08-03" name="World 8-3" />
      <level file="08-22" name="World 8-Tower" />
      <level file="08-04" name="World 8-4" />
      <level file="08-05" name="World 8-5" />
      <level file="08-06" name="World 8-6" />
      <level file="08-07" name="World 8-7" />
      <level file="08-38" name="World 8-Ship" />
      <level file="08-24" name="World 8-Castle" />
      <level file="08-26" name="Toad House - 1UP Blast" />
      <level file="08-27" name="Toad House - Powerup Panels" />
      <level file="08-28" name="Toad House - Star Chest" />
      <level file="08-33" name="Podoboo Ambush 1" />
      <level file="08-34" name="Podoboo Ambush 2" />
      <level file="08-35" name="Podoboo Ambush 3" />
   </category>

   <category name="World 9">
      <level file="09-01" name="World 9-1" />
      <level file="09-02" name="World 9-2" />
      <level file="09-03" name="World 9-3" />
      <level file="09-04" name="World 9-4" />
      <level file="09-05" name="World 9-5" />
      <level file="09-06" name="World 9-6" />
      <level file="09-07" name="World 9-7" />
      <level file="09-08" name="World 9-8" />
      <level file="09-26" name="Toad House - 1UP Blast" />
      <level file="09-27" name="Toad House - Powerup Panels" />
      <level file="09-28" name="Toad House - Star Chest" />
   </category>

   <category name="Coin Battle">
      <level file="01-20" name="Coin Battle 1" />
      <level file="02-20" name="Coin Battle 2" />
      <level file="03-20" name="Coin Battle 3" />
      <level file="04-20" name="Coin Battle 4" />
      <level file="05-20" name="Coin Battle 5" />
   </category>

   <category name="Other">
      <level file="01-40" name="Titlescreen" />
      <level file="01-42" name="Credits" />
   </category>

</levels>