<?xml version="1.0"?>
<game name="Newer Super Mario Bros. Wii" version="1.1.1" description="All newer levels![br]Released by the Newer Team on June 8, 2013.">

    <!-- Folders -->
    <folder name="bga" path="bga" />
    <folder name="bgb" path="bgb" />
    <folder name="sprites" path="sprites" />

    <!-- Background imports -->
    <!-- None yet... -->

    <!-- Files -->
    <file name="bga" path="bga.txt" />
    <file name="bgb" path="bgb.txt" />
    <file name="levelnames" path="levelnames.xml" patch="False" />
    <file name="music" path="music.txt" patch="False" />
    <file name="spritedata" path="spritedata.xml" />
    <file name="sprites" path="sprites.py" />
    <file name="tilesets" path="tilesets.xml" />

</game>