<?xml version="1.0"?>
<game name="Another Super Mario Bros. Wii" version="2.00.122" description="Another Mario adventure![br]Released by Skawo on December 5, 2010.">

    <!-- Folders -->
    <folder name="bga" path="bga" />
    <folder name="bgb" path="bgb" />
    <folder name="sprites" path="sprites" />

    <!-- Files -->
    <file name="bga" path="bga.txt" />
    <file name="bgb" path="bgb.txt" />
    <file name="levelnames" path="levelnames.xml" />
    <file name="music" path="music.txt" />
    <file name="spritedata" path="spritedata.xml" />
    <file name="tilesets" path="tilesets.xml" />
    <file name="ts1_descriptions" path="ts1_descriptions.txt" />

</game>