<?xml version="1.0"?>
<tilesets>
	<slot num="0">
		<tileset filename="Pa0_jyotyu" name="Standard (Text Tileset)" />
	</slot>
	<slot num="1">
		<!--Pa1_oldbarrierchika: Internal name is Pa1_sabaku_chika and is thus BROKEN -->
		<category name="Overworld">
			<tileset filename="Pa1_kaiganslopes" name="Beach (Improved)" />
			<tileset filename="Pa1_desert" name="Desert (Improved)" />
			<tileset filename="Pa1_daishizenkuri" name="Forest (Dark)" />
			<tileset filename="Pa1_gake" name="Mountains (Improved)" />
			<tileset filename="Pa1_e3setsugen" name="Snow (E3 Version)" />
		</category>
		<category name="Underground">
			<tileset filename="Pa1_sabaku_chika" name="Underground (Desert) (Improved)" />
		</category>
		<category name="Tower">
			<tileset filename="Pa1_dbtoride" name="Tower (Dark Blue)" />
			<tileset filename="Pa1_toride_sabaka" name="Tower (Desert) (Improved)" />
		</category>
		<category name="Castle">
			<tileset filename="Pa1_tilingshirosora" name="Castle (Sky) (Improved)" />
		</category>
	</slot>
	<slot num="2">
		<!-- Pa2_6-24another is 5 bytes long: "dummy" -->
		<category name="Stage Tilesets">
			<tileset filename="Pa2_shiro" name="Castle (Sky)" />
			<tileset filename="Pa2_undercastle" name="Castle (Sky) (Improved)" />
			<tileset filename="Pa2_daishizenkuri" name="Forest (Dark)" />
			<tileset filename="Pa2_mountainpa2" name="Mountain" />
			<tileset filename="Pa2_deserttower" name="Tower (Desert) (Improved)" />
		</category>
		<category name="Other">
			<tileset filename="Pa2_web" name="Webs" />
			<tileset filename="Pa2_e3kori" name="Ice (E3 Version)" />
			<tileset filename="Pa2_forestobake" name="Ghost House (Improved)" />
			<tileset filename="Pa2_bowsers_castle_1" name="Bowser's Castle Exterior" />
			<tileset filename="Pa2_bowsercastle" name="Bowser's Castle Exterior (Old)" />
		</category>
	</slot>
	<slot num="3">
		<!-- Pa3_spikeset is 5 bytes long: "dummy" -->
		<category name="Rocks">
			<tileset filename="Pa3_douk4sw" name="Blue Rock (Wavy)" />
			<tileset filename="Pa3_shroomrocks" name="Blue Rocks (Wavy) &amp; Mushroom Stalks" />
		</category>
		<category name="Other">
			<tileset filename="Pa3_anchor" name="Anchor" />
			<tileset filename="Pa3_passthroughredstair" name="Sloped Solid-on-Top Platforms (Red)" />
			<tileset filename="Pa3_princesspeach" name="Princess Peach Portrait" />
			<tileset filename="Pa3_webs" name="Webs" />
		</category>
		<category name="Castle">
			<tileset filename="Pa3_bowsers_castle_part2" name="Bowser's Castle Exterior" />
			<tileset filename="Pa3_cautiontape" name="Caution Tape" />
			<tileset filename="Pa3_finalcastlestuff" name="Final Castle Gimmicks" />
			<tileset filename="Pa3_shirolayer_spikes" name="Spikes &amp; Castle Background" />
			<tileset filename="Pa3_superplayer" name="Dark Castle Background" />
		</category>
		<category name="Stage Tilesets">
			<tileset filename="Pa3_gakebg" name="Mountains" />
		</category>
	</slot>
</tilesets>