<?xml version="1.0"?>
<levels>

   <category name="World 1">
      <level file="01-01" name="World 1-1" />
      <level file="01-02" name="World 1-2" />
      <level file="01-03" name="World 1-3" />
      <level file="01-22" name="World 1-Tower" />
      <level file="01-04" name="World 1-4" />
      <level file="01-05" name="World 1-5" />
      <level file="01-06" name="World 1-6" />
      <level file="01-24" name="World 1-Castle" />
      <level file="01-36" name="World 1-Cannon" />
      <level file="01-41" name="Peach's Castle" />
      <level file="01-26" name="Toad House - 1UP Blast" />
      <level file="01-33" name="Goomba Ambush 1" />
      <level file="01-34" name="Goomba Ambush 2" />
      <level file="01-35" name="Goomba Ambush 3" />
   </category>

   <category name="World 2">
      <level file="02-01" name="World 2-1" />
      <level file="02-02" name="World 2-2" />
      <level file="02-03" name="World 2-3" />
      <level file="02-04" name="World 2-4" />
      <level file="02-05" name="World 2-5" />
      <level file="02-06" name="World 2-6" />
      <level file="02-07" name="World 2-7" />
      <level file="02-36" name="World 2-Cannon" />
   </category>

   <category name="World 5">
      <level file="05-01" name="World 5-1" />
      <level file="05-02" name="World 5-2" />
      <level file="05-03" name="World 5-3" />
      <level file="05-04" name="World 5-4" />
      <level file="05-36" name="World 5-Cannon" />
      <level file="05-33" name="Piranha Plant Ambush 1" />
      <level file="05-34" name="Piranha Plant Ambush 2" />
      <level file="05-35" name="Piranha Plant Ambush 3" />
   </category>

   <category name="World 8">
      <level file="08-01" name="World 8-1" />
      <level file="08-02" name="World 8-2" />
      <level file="08-07" name="World 8-7" />
      <level file="08-38" name="World 8-Ship" />
      <level file="08-24" name="World 8-Castle" />
   </category>

   <category name="World 9">
      <level file="09-01" name="World 9-1" />
   </category>

   <category name="Other">
      <level file="01-40" name="Titlescreen" />
   </category>

</levels>