<?xml version="1.0"?>
<game name="Newer Summer Sun" version="1.01" description="No water jetpacks involved![br]Released by the Newer Team on July 5, 2012.">

    <!-- Folders -->
    <folder name="bga" path="bga" />
    <folder name="bgb" path="bgb" />
    <folder name="sprites" path="sprites" />

    <!-- Background imports -->
    <file name="bga/10A2.png" game="New Super Mario Bros. Wii" path="bga/1002.png" />
    <file name="bgb/0612.png" game="New Super Mario Bros. Wii" path="bgb/0602.png" />
    <file name="bgb/10A2.png" path="bgb/1002.png" />
    <file name="bgb/9198.png" game="Another Super Mario Bros. Wii" path="bgb/9198.png" />

    <!-- Files -->
    <file name="bga" path="bga.txt" />
    <file name="bgb" path="bgb.txt" />
    <file name="levelnames" path="levelnames.xml" />
    <file name="music" path="music.txt" />
    <file name="spritedata" path="spritedata.xml" />
    <file name="spritenames" path="spritenames.txt" />
    <file name="sprites" path="sprites.py" />
    <file name="tilesets" path="tilesets.xml" />
    <file name="ts1_descriptions" path="ts1_descriptions.txt" />

</game>