<?xml version="1.0"?>
<sprites>

  <sprite id="11" name="Roll Your Own Model Sprite" comment="Requires the models to be loaded externally">
    <value nybble="5-6" title="Scale / 4.0"/>
    <checkbox nybble="10" title="Use Alternate Orientation" note="Causes the model to use the alternate orientation value" />
    <list nybble="11-12" title="Model">
      <entry value="0">CRASHES GAME</entry>
      <entry value="1">Wiggler Head (Forward)</entry>
      <entry value="2">Wiggler Head (Forward)</entry>
      <entry value="3">Wiggler Head (Forward)</entry>
      <entry value="4">Wiggler Head (Forward)</entry>
      <entry value="5">Wiggler Head (Forward)</entry>
      <entry value="6">Wiggler Head (Forward)</entry>
      <entry value="7">Wiggler Head (Forward)</entry>
	  <!-- Values 8 and 9 crash the game -->
      <entry value="10">Wiggler Body (Forward)</entry>
      <entry value="11">Wiggler Body (Forward)</entry>
      <entry value="12">Wiggler Body (Forward)</entry>
      <entry value="13">Wiggler Body (Forward)</entry>
      <entry value="14">Wiggler Body (Forward)</entry>
      <entry value="15">Wiggler Body (Forward)</entry>
      <entry value="16">Bowser Statue (Left)</entry>
      <entry value="17">Bowser Statue (Left)</entry>
    </list>
	<list nybble="11-12" title="Alternate Orientation">
      <entry value="0">CRASHES GAME</entry>
      <entry value="1">Left</entry>
      <entry value="2">Right</entry>
      <entry value="3">Left; angled down 18 degrees</entry>
      <entry value="4">Left; angled down 10 degrees</entry>
      <entry value="5">Right; angled down 18 degrees</entry>
      <entry value="6">Right; angled down 10 degrees</entry>
      <entry value="7">Up</entry>
	  <!-- Values 8 and 9 crash the game -->
      <entry value="10">Left</entry>
      <entry value="11">Left; angled down 18 degrees</entry>
      <entry value="12">Left; angled down 10 degrees</entry>
      <entry value="13">Left; angled up 18 degrees</entry>
      <entry value="14">Left; anfled up 10 degrees</entry>
      <entry value="15">Left (No Feet)</entry>
      <entry value="16">Right</entry>
      <entry value="17">Left (Deformed model)</entry>
    </list>
    <list nybble="8" title="Z Order" comment="Some in game values - Background: -5500.0, Layer 2: -3300.0, Layer 1: 0.0, Player: 300.0, Foreground: 1200.0, Layer 0: 3300.0, Above layer 0: 5500.0">
      <entry value="0">-6500.0</entry>
      <entry value="1">-5000.0</entry>
      <entry value="2">-4500.0</entry>
      <entry value="3">-2000.0</entry>
      <entry value="4">-1000.0</entry>
      <entry value="5">300.0</entry>
      <entry value="6">800.0</entry>
      <entry value="7">1600.0</entry>
      <entry value="8">2000.0</entry>
      <entry value="9">3600.0</entry>
      <entry value="10">4000.0</entry>
      <entry value="11">4500.0</entry>
      <entry value="12">6000.0</entry>
      <entry value="13">6500.0</entry>
      <entry value="14">7000.0</entry>
      <entry value="15">7500.0</entry>
    </list>
  </sprite>
  
  <sprite id="49" name="Seesaw Dock Platform">
    <value nybble="3-4" title="Triggering Event ID"/>
    <checkbox nybble="5" title="Event Activated"/>
    <value nybble="11" title="Tilt Distance Related" comment="Odd variables"/>
    <value nybble="12" title="Length Related" comment="Odd variables"/>
  </sprite>
  
  <sprite id="143" name="Giant Bronze Chomp Statue - Open" />
  
  <sprite id="193" name="Unagi (Eel)">
    <list nybble="10" title="Start Direction">
      <entry value="0">Up</entry>
      <entry value="1">Down</entry>
    </list>
    <value nybble="11" title="Movement Distance"/>
  </sprite>
  
  <sprite id="212" name="Giant Spinning Star Coin Platform">
    <value nybble="5-6" title="Rolling Hill ID" comment="Matches the star coin platform with coins (and possibly other sprites)"/>
    <!-- Only size value 0 is valid. Any other values crash it. -->
    <value nybble="8" title="Z-Order" comment="If you have multiple star coin platforms overlapping each other, you can use this value to stop graphics glitches from occurring. Star coin platforms with a higher Z-Order number will show behind star coin platforms with a lower number."/>
    <value nybble="9-10" title="Size"/>
    <value nybble="11" title="Speed"/>
    <checkbox nybble="12" title="Clockwise" comment="Counter Clockwise if unchecked."/>
  </sprite>
  
  <sprite id="321" name="Giant Bronze Chomp Statue - Closed" />
  
  <sprite id="368" name="Path Controlled Moving Raft">
    <value nybble="3-4" title="Unused Event ID" comment="This should be set to an event ID which will always be deactivated."/>
    <value nybble="5-6" title="Starting Path Node ID" comment="Changes the path node ID where the raft appears."/>
    <value nybble="7" title="Path ID" comment="Path ID the boat will take."/>
    <checkbox nybble="8" title="Unknown Value 8" comment="[S] 0-1"/>
    <checkbox nybble="9" title="No Flashlight Glitches" comment="In retail NSMBW, this flag turns event activation on/off. Here, you must keep the flashlight off in order to avoid glitches."/>
    <checkbox nybble="11" title="Midway Point" comment="If this option is checked, the raft will only appear if the midway point has been triggered."/>
  </sprite>
  
</sprites>