<?xml version="1.0"?>
<tilesets>
	<slot num="0">
		<tileset filename="Pa0_jyotyu" name="Standard (Text Tileset)" />
	</slot>
	<slot num="1">
		<category name="Overworld">
			<tileset filename="Pa1_kaiganpluu" name="Beach (Improved)" />
			<tileset filename="Pa1_sabaku" name="Desert (Improved)" />
			<tileset filename="Pa1_daishizen" name="Forest (Dark)" />
		</category>
		<category name="Underground">
			<tileset filename="pa1_golden_cave" name="Underground (Golden)" />
		</category>
		<category name="Minigame/Other">
			<tileset filename="Pa1_KinokoHouse" name="Toad House Lobby (Improved)" />
		</category>
	</slot>
	<slot num="2">
		<category name="Airship">
			<tileset filename="Pa2_hikousen_dark" name="Airship (Dark)" />
		</category>
		<category name="Other">
			<tileset filename="Pa2_ghostcastle" name="Tower Background" />
		</category>
	</slot>
	<slot num="3">
		<category name="Other">
			<tileset filename="Pa3_finalcastlestuff" name="Final Castle Gimmicks" />
			<tileset filename="Pa3_goldenblox" name="Golden Blocks" />
			<tileset filename="Pa3_hintpics" name="Hint Screenshots" />
		</category>
		<category name="Stage Tilesets">
			<tileset filename="Pa3_fuckingpaswaps" name="Beach (Improved)" />
			<tileset filename="Pa3_gakedaishizen" name="Mountains (Forest)" />
		</category>
	</slot>
</tilesets>