<?xml version="1.0"?>
<levels>
   <level file="01-01" name="World 1-1" />
   <level file="01-02" name="World 1-2" />
   <level file="01-03" name="World 1-3" />
   <level file="01-22" name="World 1-Tower" />
   <level file="01-04" name="World 1-4" />
   <level file="01-05" name="World 1-5" />
   <level file="01-06" name="World 1-6" />
   <level file="01-24" name="World 1-Castle" />
   <level file="01-36" name="World 1-Cannon" />
   <level file="01-41" name="Peach's Castle" />
   <level file="01-33" name="Goomba Ambush 1" />
   <level file="01-34" name="Goomba Ambush 2" />
   <level file="01-35" name="Goomba Ambush 3" />
   <level file="02-01" name="World 2-1" />
   <level file="01-40" name="Titlescreen" />
</levels>