<?xml version="1.0"?>
<game name="Newer Super Mario Bros. Wii Holiday Special" version="1.01-1" description="It's that most wonderful time of the year...[br]Released by the Newer Team on December 24, 2011.">

    <!-- Folders -->
    <folder name="sprites" path="sprites" />

    <!-- Background imports -->
    <file name="bgb/9198.png" game="Another Super Mario Bros. Wii" path="bgb/9198.png" />

    <!-- Files -->
    <file name="bgb" path="bgb.txt" />
    <file name="levelnames" path="levelnames.xml" />
    <file name="music" path="music.txt" />
    <file name="spritedata" path="spritedata.xml" />
    <file name="spritenames" path="spritenames.txt" />
    <file name="tilesets" path="tilesets.xml" />

</game>