<?xml version="1.0"?>
<sprites>

  <sprite id="212" name="Rolling Hill">
    <value nybble="5-6" title="Hill ID" comment="Matches the hill with coins (and possibly other sprites)"/>
    <list nybble="7" title="Style / Size" comment="If set to 0, the size can be increased with nybbles 9 and 10.">
      <entry value="0">2 Blocks (Snow)</entry>
      <entry value="1">18 Blocks (Snow)</entry>
      <entry value="2">32 Blocks (Snow)</entry>
      <entry value="3">50 Blocks (Snow)</entry>
      <entry value="4">64 Blocks (Underground)</entry>
      <entry value="5">10 Blocks (Volcano)</entry>
      <entry value="6">14 Blocks (Volcano)</entry>
      <entry value="7">20 Blocks (Volcano)</entry>
    </list>
    <value nybble="8" title="Z-Order" comment="If you have multiple hills overlapping each other, you can use this value to stop graphics glitches from occurring. Hills with a higher Z-Order number will show behind hills with a lower number."/>
    <value nybble="9-10" title="Size increase" comment="Only works when the style is set to 0."/>
    <value nybble="11" title="Speed"/>
    <checkbox nybble="12" title="Clockwise" comment="Counter Clockwise if unchecked."/>
  </sprite>
  
  <sprite id="341" name="Giant Turtle Shell Cave">
    <list nybble="12" title="Shell Base" comment="This Turtle Shell Cave is a Layer 0 (Foreground) sprite. To recreate its original function, use invisible blocks, and reference NewerSMBW Holiday Special 1-3">
      <entry value="0">With Snow / Rocks</entry>
      <entry value="1">With Nothing</entry>
    </list>
  </sprite>
  
</sprites>