<?xml version="1.0"?>
<tilesets>
	<slot num="1">
		<category name="Overworld">
			<tileset filename="Pa1_xmas_setsugen" name="Snow (E3 Version) (Improved)" />
		</category>
	</slot>
	<slot num="2">
		<category name="Other">
			<tileset filename="Pa2_mariocastle" name="Castle (Dark) (Improved)" />
			<tileset filename="Pa2_xmastr" name="Christmas Tree" />
		</category>
	</slot>
	<slot num="3">
		<category name="Other">
			<tileset filename="Pa3_borderbooth" name="Border Security Mushroom" />
			<tileset filename="Pa3_icybridges" name="Icy Solid-on-Top Platforms" />
		</category>
	</slot>
</tilesets>