<?xml version="1.0"?>
<theme name="Dark" version="1.0" creator="JasonP27" icons="True" description="A dark-colored Reggie theme.">
    <color id="bg" r="51" g="51" b="51" />
    <color id="grid" r="255" g="255" b="255" a="75" />
    <color id="location_fill" r="255" g="255" b="0" a="70" />
    <color id="location_fill_s" r="255" g="255" b="0" a="140" />
    <color id="ribbon" r="120" g="120" b="130" />
    <color id="spritebox_fill" r="154" g="58" b="255" a="120" />
    <color id="spritebox_fill_s" r="154" g="58" b="255" a="240" />
    <color id="ui" r="100" g="100" b="100" />
    <color id="watermark" r="255" g="255" b="255" a="48" />
    <color id="zone_text" r="245" g="245" b="245" />
</theme>